id;name;email;phone
1;mobile Fish;Lavinia44@hotmail.com;004.836.1760
2;Producer;Trevion18@hotmail.com;163.650.4025 x63102
3;24/7 Common bluetooth;Geovanni_Langworth46@gmail.com;866-140-0999
4;cross-platform access;Dariana44@gmail.com;(164) 801-9321 x6734
5;sky blue Georgia;Wade.Spinka93@gmail.com;895.793.0515
6;Tactics;Gilberto53@hotmail.com;539-265-2128 x10094
7;reinvent 24 hour Jewelery;Mekhi_Rath77@gmail.com;093-619-8864 x3003
8;Lempira;Monte.McLaughlin@yahoo.com;(543) 197-8775 x27240
9;system Small;Bernadette89@yahoo.com;435-569-1264 x5722
10;Generic neutral Salad;Lindsey63@hotmail.com;1-848-214-8853
