id;title;type;mime_type;jhi_binary;jhi_binary_content_type;url
1;Fish;MEDICAL_CERTIFICATION;Fish;../data/blob/hipster.png;image/png;http://lysanne.net
2;alarm local area network Benin;RANKING_PDF;Wisconsin;../data/blob/hipster.png;image/png;https://glen.info
3;Investor users dot-com;ATHLETE_ID_DOC;Re-contextualized;../data/blob/hipster.png;image/png;http://earl.name
4;calculate;ATHLETE_ID_DOC;Villages uniform PCI;../data/blob/hipster.png;image/png;https://adrienne.org
5;hardware Venezuela Wisconsin;ATHLETE_ID_DOC;eco-centric Bedfordshire mesh;../data/blob/hipster.png;image/png;http://tremayne.org
6;Intranet Ergonomic Concrete Soap Zambian Kwacha;PATH_IMAGE;portal calculating Metal;../data/blob/hipster.png;image/png;https://floy.name
7;protocol;PATH_IMAGE;Sleek Beauty Auto Loan Account;../data/blob/hipster.png;image/png;http://mabel.com
8;extend Unbranded Fresh Pants Tools;PATH_IMAGE;implementation;../data/blob/hipster.png;image/png;http://karen.org
9;generating;LOGO_IMAGE;interface;../data/blob/hipster.png;image/png;https://okey.biz
10;Orchestrator;ATHLETE_ID_DOC;Philippine Peso Metal;../data/blob/hipster.png;image/png;http://werner.org
