id;name;date;location;description;info;address;latitude;longitude;rules;subscription_expiration_date;attributes;status
1;bypassing Bypass;2019-08-05T06:10:15;24/7;Refined;haptic Producer Agent;Rhode Island capacitor;75708;84964;Ergonomic Falls;2019-08-05T13:01:35;Response;UNPUBLISHED
2;Checking Account global Steel;2019-08-05T00:00:31;Kyrgyz Republic transmit;solution connecting;California PNG engage;Burg;42053;75513;Credit Card Account transmitter cyan;2019-08-05T12:51:12;Industrial seamless;UNPUBLISHED
3;International;2019-08-05T07:46:06;Berkshire solid state;middleware Switzerland;Data Granite Configuration;compress Practical Steel Chips;62080;49261;concept payment;2019-08-05T10:21:46;Awesome Granite;CANCELED
4;Metal deposit;2019-08-05T11:45:40;best-of-breed Human Mission;Officer Savings Account Automated;Pants even-keeled Chair;Brazil;53442;46077;cyan innovative;2019-08-05T04:02:40;Lempira;CANCELED
5;Credit Card Account Sleek;2019-08-04T19:09:38;Regional;Home;primary quantify Chips;Guyana;92404;48452;Auto Loan Account;2019-08-05T07:16:21;Roads bypass;UNPUBLISHED
6;feed;2019-08-04T18:38:30;Buckinghamshire Antarctica (the territory South of 60 deg S) Refined;back-end enhance;optimal;Chair Kentucky;84070;21144;internet solution;2019-08-05T13:15:07;National;DRAFT
7;Berkshire Awesome;2019-08-05T03:14:09;Nevada quantify architectures;empower;customized payment;Grass-roots Cambridgeshire;33034;60577;Adaptive Intelligent Pants;2019-08-05T10:13:24;Pizza blue;DRAFT
8;Internal;2019-08-05T14:12:02;Andorra;Rand Namibia Dollar Executive;incubate Agent TCP;Engineer Bedfordshire feed;82086;92937;Nebraska Mississippi stable;2019-08-04T21:39:31;silver;DRAFT
9;Buckinghamshire;2019-08-05T10:18:31;Metal Auto Loan Account;Awesome;Sausages Haven;Checking Account frictionless;45426;13441;Awesome Frozen Mouse open architecture;2019-08-04T20:41:22;Customer-focused;CANCELED
10;users scalable;2019-08-04T17:49:04;calculating Administrator Frozen;Representative mint green streamline;synthesize Arizona synthesizing;synthesizing;75050;20162;Bacon Mouse open-source;2019-08-05T00:09:42;Tunisia granular;UNPUBLISHED
